source_id	subject_id	session_id	bold_num	t1w_num	t2w_num	bold_size	t1w_size	bold_duration_total	bold_duration_mean	bold_voxels_total	bold_voxels_mean	bold_tasks	bold_timepoints	bold_trs	datatypes
ds004746	sub-P100670	ses-1	4	1	0	1070394974	17279385	1052.4800190925598	263.12000477313995	1506176	376544.0	paingen	2288	{"0.46":4}	anat,fmap,func
ds004746	sub-P103839	ses-1	4	1	0	1172013014	18183248	1052.4800190925598	263.12000477313995	1506176	376544.0	paingen	2288	{"0.46":4}	anat,fmap,func
ds004746	sub-P106024	ses-1	4	1	0	1105614779	17079766	1052.4800190925598	263.12000477313995	1506176	376544.0	paingen	2288	{"0.46":4}	anat,fmap,func
ds004746	sub-P111774	ses-1	4	2	0	1086631449	38603456	1052.4800190925598	263.12000477313995	1506176	376544.0	paingen	2288	{"0.46":4}	anat,fmap,func
ds004746	sub-P120008	ses-1	4	1	0	1076174968	17687999	1052.4800190925598	263.12000477313995	1506176	376544.0	paingen	2288	{"0.46":4}	anat,fmap,func
ds004746	sub-P121583	ses-1	4	1	0	1090703518	16720014	1052.4800190925598	263.12000477313995	1506176	376544.0	paingen	2288	{"0.46":4}	anat,fmap,func
ds004746	sub-P125464	ses-1	4	1	0	1119506567	18688412	1052.4800190925598	263.12000477313995	1506176	376544.0	paingen	2288	{"0.46":4}	anat,fmap,func
ds004746	sub-P127280	ses-1	4	1	0	1166784314	18346488	1052.4800190925598	263.12000477313995	1506176	376544.0	paingen	2288	{"0.46":4}	anat,fmap,func
ds004746	sub-P135425	ses-1	4	1	0	1097336675	17159673	1052.4800190925598	263.12000477313995	1506176	376544.0	paingen	2288	{"0.46":4}	anat,fmap,func
ds004746	sub-P137454	ses-1	4	1	0	1127786836	17146290	1052.4800190925598	263.12000477313995	1506176	376544.0	paingen	2288	{"0.46":4}	anat,fmap,func
ds004746	sub-P137827	ses-1	4	1	0	1124773104	17921166	1052.4800190925598	263.12000477313995	1506176	376544.0	paingen	2288	{"0.46":4}	anat,fmap,func
ds004746	sub-P137862	ses-1	4	1	0	1080538055	17083160	1052.4800190925598	263.12000477313995	1506176	376544.0	paingen	2288	{"0.46":4}	anat,fmap,func
ds004746	sub-P141666	ses-1	4	1	0	1061571650	16524109	1052.4800190925598	263.12000477313995	1506176	376544.0	paingen	2288	{"0.46":4}	anat,fmap,func
ds004746	sub-P144150	ses-1	4	1	0	1128826500	17146261	1052.4800190925598	263.12000477313995	1506176	376544.0	paingen	2288	{"0.46":4}	anat,fmap,func
ds004746	sub-P144198	ses-1	4	1	0	1145853181	17410086	1052.4800190925598	263.12000477313995	1506176	376544.0	paingen	2288	{"0.46":4}	anat,fmap,func
ds004746	sub-P145701	ses-1	4	1	0	1081175210	16512465	1052.4800190925598	263.12000477313995	1506176	376544.0	paingen	2288	{"0.46":4}	anat,fmap,func
ds004746	sub-P151185	ses-1	4	1	0	1164571960	19106991	1052.4800190925598	263.12000477313995	1506176	376544.0	paingen	2288	{"0.46":4}	anat,fmap,func
ds004746	sub-P151958	ses-1	4	1	0	1145981015	17521079	1052.4800190925598	263.12000477313995	1506176	376544.0	paingen	2288	{"0.46":4}	anat,fmap,func
ds004746	sub-P155376	ses-1	4	1	0	1060857184	15942925	1052.4800190925598	263.12000477313995	1506176	376544.0	paingen	2288	{"0.46":4}	anat,fmap,func
ds004746	sub-P155386	ses-1	4	1	0	1098212132	16869507	1052.4800190925598	263.12000477313995	1506176	376544.0	paingen	2288	{"0.46":4}	anat,fmap,func
ds004746	sub-P156051	ses-1	4	1	0	1096626925	17099902	1052.4800190925598	263.12000477313995	1506176	376544.0	paingen	2288	{"0.46":4}	anat,fmap,func
ds004746	sub-P158205	ses-1	4	1	0	1186675836	19250741	1052.4800190925598	263.12000477313995	1506176	376544.0	paingen	2288	{"0.46":4}	anat,fmap,func
ds004746	sub-P160272	ses-1	4	1	0	1168005043	20139530	1052.4800190925598	263.12000477313995	1506176	376544.0	paingen	2288	{"0.46":4}	anat,fmap,func
ds004746	sub-P161694	ses-1	4	1	0	1099730436	16314737	1052.4800190925598	263.12000477313995	1506176	376544.0	paingen	2288	{"0.46":4}	anat,fmap,func
ds004746	sub-P163107	ses-1	4	1	0	1093754015	17222040	1052.4800190925598	263.12000477313995	1506176	376544.0	paingen	2288	{"0.46":4}	anat,fmap,func
ds004746	sub-P163119	ses-1	4	1	0	1129620030	17891211	1052.4800190925598	263.12000477313995	1506176	376544.0	paingen	2288	{"0.46":4}	anat,fmap,func
ds004746	sub-P165305	ses-1	4	1	0	1129175480	17512376	1052.4800190925598	263.12000477313995	1506176	376544.0	paingen	2288	{"0.46":4}	anat,fmap,func
ds004746	sub-P165625	ses-1	4	1	0	1085939443	16559856	1052.4800190925598	263.12000477313995	1506176	376544.0	paingen	2288	{"0.46":4}	anat,fmap,func
ds004746	sub-P166261	ses-1	4	1	0	1061511829	14552394	1052.4800190925598	263.12000477313995	1506176	376544.0	paingen	2288	{"0.46":4}	anat,fmap,func
ds004746	sub-P166634	ses-1	4	1	0	1138248819	19405753	1052.4800190925598	263.12000477313995	1506176	376544.0	paingen	2288	{"0.46":4}	anat,fmap,func
ds004746	sub-P168846	ses-1	4	1	0	1148404800	17674548	1052.4800190925598	263.12000477313995	1506176	376544.0	paingen	2288	{"0.46":4}	anat,fmap,func
ds004746	sub-P174583	ses-1	4	1	0	1106652548	16875661	1052.4800190925598	263.12000477313995	1506176	376544.0	paingen	2288	{"0.46":4}	anat,fmap,func
ds004746	sub-P175672	ses-1	4	1	0	1192898908	21087909	1052.4800190925598	263.12000477313995	1506176	376544.0	paingen	2288	{"0.46":4}	anat,fmap,func
ds004746	sub-P175799	ses-1	4	1	0	1208314225	21716878	1052.4800190925598	263.12000477313995	1506176	376544.0	paingen	2288	{"0.46":4}	anat,fmap,func
ds004746	sub-P178506	ses-1	4	1	0	1164181092	20046475	1052.4800190925598	263.12000477313995	1506176	376544.0	paingen	2288	{"0.46":4}	anat,fmap,func
ds004746	sub-P180545	ses-1	4	1	0	1168230459	20319953	1052.4800190925598	263.12000477313995	1506176	376544.0	paingen	2288	{"0.46":4}	anat,fmap,func
ds004746	sub-P180811	ses-1	2	1	0	565442082	17429190	526.2400095462799	263.12000477313995	753088	376544.0	paingen	1144	{"0.46":2}	anat,fmap,func
ds004746	sub-P182918	ses-1	4	1	0	1116443532	17740859	1052.4800190925598	263.12000477313995	1506176	376544.0	paingen	2288	{"0.46":4}	anat,fmap,func
ds004746	sub-P182995	ses-1	4	1	0	1071974040	16789158	1052.4800190925598	263.12000477313995	1506176	376544.0	paingen	2288	{"0.46":4}	anat,fmap,func
ds004746	sub-P186010	ses-1	4	1	0	1145551765	18666086	1052.4800190925598	263.12000477313995	1506176	376544.0	paingen	2288	{"0.46":4}	anat,fmap,func
ds004746	sub-P190093	ses-1	4	1	0	1065094925	15832572	1052.4800190925598	263.12000477313995	1506176	376544.0	paingen	2288	{"0.46":4}	anat,fmap,func
ds004746	sub-P191920	ses-1	4	1	0	1132068479	18600520	1052.4800190925598	263.12000477313995	1506176	376544.0	paingen	2288	{"0.46":4}	anat,fmap,func
ds004746	sub-P202099	ses-1	4	1	0	1162640997	20598697	1052.4800190925598	263.12000477313995	1506176	376544.0	paingen	2288	{"0.46":4}	anat,fmap,func
ds004746	sub-P203439	ses-1	4	1	0	1112589707	17699255	1052.4800190925598	263.12000477313995	1506176	376544.0	paingen	2288	{"0.46":4}	anat,fmap,func
ds004746	sub-P208607	ses-1	4	1	0	1091847983	15068944	1052.4800190925598	263.12000477313995	1506176	376544.0	paingen	2288	{"0.46":4}	anat,fmap,func
ds004746	sub-P213793	ses-1	4	1	0	1143036424	20222540	1052.4800190925598	263.12000477313995	1506176	376544.0	paingen	2288	{"0.46":4}	anat,fmap,func
ds004746	sub-P216364	ses-1	4	1	0	1076997615	16732712	1052.4800190925598	263.12000477313995	1506176	376544.0	paingen	2288	{"0.46":4}	anat,fmap,func
ds004746	sub-P220796	ses-1	4	1	0	1080383961	15860731	1052.4800190925598	263.12000477313995	1506176	376544.0	paingen	2288	{"0.46":4}	anat,fmap,func
ds004746	sub-P224028	ses-1	4	1	0	1060782977	14969520	1052.4800190925598	263.12000477313995	1506176	376544.0	paingen	2288	{"0.46":4}	anat,fmap,func
ds004746	sub-P224451	ses-1	4	1	0	1045760850	15187772	1052.4800190925598	263.12000477313995	1506176	376544.0	paingen	2288	{"0.46":4}	anat,fmap,func
ds004746	sub-P227696	ses-1	4	1	0	1123453238	16811028	1052.4800190925598	263.12000477313995	1506176	376544.0	paingen	2288	{"0.46":4}	anat,fmap,func
ds004746	sub-P228999	ses-1	4	1	0	1138912410	20538302	1052.4800190925598	263.12000477313995	1506176	376544.0	paingen	2288	{"0.46":4}	anat,fmap,func
ds004746	sub-P230407	ses-1	1	1	0	95935611	18433373	88.7800016105175	88.7800016105175	376544	376544.0	paingen	193	{"0.46":1}	anat,fmap,func
ds004746	sub-P230760	ses-1	4	1	0	1191324592	20149378	1052.4800190925598	263.12000477313995	1506176	376544.0	paingen	2288	{"0.46":4}	anat,fmap,func
ds004746	sub-P231035	ses-1	4	1	0	1118772636	17340353	1052.4800190925598	263.12000477313995	1506176	376544.0	paingen	2288	{"0.46":4}	anat,fmap,func
ds004746	sub-P236674	ses-1	4	1	0	1105963496	16646756	1052.4800190925598	263.12000477313995	1506176	376544.0	paingen	2288	{"0.46":4}	anat,fmap,func
ds004746	sub-P237216	ses-1	4	1	0	1147525065	20639948	1052.4800190925598	263.12000477313995	1506176	376544.0	paingen	2288	{"0.46":4}	anat,fmap,func
ds004746	sub-P237780	ses-1	4	1	0	1098071489	16001644	1052.4800190925598	263.12000477313995	1506176	376544.0	paingen	2288	{"0.46":4}	anat,fmap,func
ds004746	sub-P238366	ses-1	4	1	0	1112760050	16477999	1052.4800190925598	263.12000477313995	1506176	376544.0	paingen	2288	{"0.46":4}	anat,fmap,func
ds004746	sub-P240636	ses-1	4	1	0	1107039646	17372660	1052.4800190925598	263.12000477313995	1506176	376544.0	paingen	2288	{"0.46":4}	anat,fmap,func
ds004746	sub-P241180	ses-1	4	1	0	1156747154	18570111	1052.4800190925598	263.12000477313995	1506176	376544.0	paingen	2288	{"0.46":4}	anat,fmap,func
ds004746	sub-P241511	ses-1	4	1	0	1070983882	16816446	1052.4800190925598	263.12000477313995	1506176	376544.0	paingen	2288	{"0.46":4}	anat,fmap,func
ds004746	sub-P241520	ses-1	4	1	0	1097744789	16357530	1052.4800190925598	263.12000477313995	1506176	376544.0	paingen	2288	{"0.46":4}	anat,fmap,func
ds004746	sub-P242230	ses-1	4	1	0	1082911794	15326471	1052.4800190925598	263.12000477313995	1506176	376544.0	paingen	2288	{"0.46":4}	anat,fmap,func
ds004746	sub-P246268	ses-1	4	1	0	1065982331	15904239	1052.4800190925598	263.12000477313995	1506176	376544.0	paingen	2288	{"0.46":4}	anat,fmap,func
ds004746	sub-P252991	ses-1	4	1	0	1032608566	14003831	1052.4800190925598	263.12000477313995	1506176	376544.0	paingen	2288	{"0.46":4}	anat,fmap,func
ds004746	sub-P253030	ses-1	4	1	0	1090608363	16381737	1052.4800190925598	263.12000477313995	1506176	376544.0	paingen	2288	{"0.46":4}	anat,fmap,func
ds004746	sub-P255266	ses-1	4	1	0	1201511197	20814314	1052.4800190925598	263.12000477313995	1506176	376544.0	paingen	2288	{"0.46":4}	anat,fmap,func
ds004746	sub-P255902	ses-1	4	1	0	1008228367	14904702	1052.4800190925598	263.12000477313995	1506176	376544.0	paingen	2288	{"0.46":4}	anat,fmap,func
ds004746	sub-P256418	ses-1	4	1	0	1145379282	19315506	1052.4800190925598	263.12000477313995	1506176	376544.0	paingen	2288	{"0.46":4}	anat,fmap,func
ds004746	sub-P259492	ses-1	4	1	0	1083170060	15902873	1052.4800190925598	263.12000477313995	1506176	376544.0	paingen	2288	{"0.46":4}	anat,fmap,func
ds004746	sub-P259988	ses-1	4	1	0	1141081883	17385442	1052.4800190925598	263.12000477313995	1506176	376544.0	paingen	2288	{"0.46":4}	anat,fmap,func
ds004746	sub-P269033	ses-1	4	1	0	1196205763	21046771	1052.4800190925598	263.12000477313995	1506176	376544.0	paingen	2288	{"0.46":4}	anat,fmap,func
ds004746	sub-P272865	ses-1	4	1	0	1168137224	19280004	1052.4800190925598	263.12000477313995	1506176	376544.0	paingen	2288	{"0.46":4}	anat,fmap,func
ds004746	sub-P273472	ses-1	4	1	0	1090195549	15847930	1052.4800190925598	263.12000477313995	1506176	376544.0	paingen	2288	{"0.46":4}	anat,fmap,func
ds004746	sub-P276742	ses-1	4	1	0	1052464786	14893572	1052.4800190925598	263.12000477313995	1506176	376544.0	paingen	2288	{"0.46":4}	anat,fmap,func
ds004746	sub-P279078	ses-1	4	1	0	1108736202	16764715	1052.4800190925598	263.12000477313995	1506176	376544.0	paingen	2288	{"0.46":4}	anat,fmap,func
ds004746	sub-P281240	ses-1	4	1	0	1105431103	17484857	1052.4800190925598	263.12000477313995	1506176	376544.0	paingen	2288	{"0.46":4}	anat,fmap,func
ds004746	sub-P282796	ses-1	4	1	0	1044350024	17353808	1052.4800190925598	263.12000477313995	1506176	376544.0	paingen	2288	{"0.46":4}	anat,fmap,func
ds004746	sub-P284445	ses-1	4	1	0	1168178575	18729061	1052.4800190925598	263.12000477313995	1506176	376544.0	paingen	2288	{"0.46":4}	anat,fmap,func
ds004746	sub-P284869	ses-1	4	1	0	1079140509	15380237	1052.4800190925598	263.12000477313995	1506176	376544.0	paingen	2288	{"0.46":4}	anat,fmap,func
ds004746	sub-P288436	ses-1	4	1	0	1126112743	17874326	1052.4800190925598	263.12000477313995	1506176	376544.0	paingen	2288	{"0.46":4}	anat,fmap,func
ds004746	sub-P288685	ses-1	4	1	0	1164537375	18759909	1052.4800190925598	263.12000477313995	1506176	376544.0	paingen	2288	{"0.46":4}	anat,fmap,func
ds004746	sub-P288735	ses-1	4	1	0	1115038354	20028776	1052.4800190925598	263.12000477313995	1506176	376544.0	paingen	2288	{"0.46":4}	anat,fmap,func
ds004746	sub-P294354	ses-1	4	1	0	1117696010	16700037	1052.4800190925598	263.12000477313995	1506176	376544.0	paingen	2288	{"0.46":4}	anat,fmap,func
ds004746	sub-P294973	ses-1	4	1	0	1071962285	15281156	1052.4800190925598	263.12000477313995	1506176	376544.0	paingen	2288	{"0.46":4}	anat,fmap,func
ds004746	sub-P296187	ses-1	4	1	0	1073880781	16039341	1052.4800190925598	263.12000477313995	1506176	376544.0	paingen	2288	{"0.46":4}	anat,fmap,func
ds004746	sub-P298302	ses-1	4	1	0	1173203401	20564119	1052.4800190925598	263.12000477313995	1506176	376544.0	paingen	2288	{"0.46":4}	anat,fmap,func
ds004746	sub-P299762	ses-1	4	1	0	1100864358	17291820	1052.4800190925598	263.12000477313995	1506176	376544.0	paingen	2288	{"0.46":4}	anat,fmap,func
ds004746	sub-P300990	ses-1	4	1	0	1159878756	18864110	1052.4800190925598	263.12000477313995	1506176	376544.0	paingen	2288	{"0.46":4}	anat,fmap,func
ds004746	sub-P304941	ses-1	4	1	0	1120020377	17537389	1052.4800190925598	263.12000477313995	1506176	376544.0	paingen	2288	{"0.46":4}	anat,fmap,func
ds004746	sub-P307525	ses-1	4	1	0	1071345711	14560539	1052.4800190925598	263.12000477313995	1506176	376544.0	paingen	2288	{"0.46":4}	anat,fmap,func
ds004746	sub-P307752	ses-1	4	1	0	1120443512	17201830	1052.4800190925598	263.12000477313995	1506176	376544.0	paingen	2288	{"0.46":4}	anat,fmap,func
ds004746	sub-P316513	ses-1	4	1	0	1146369946	19582280	1052.4800190925598	263.12000477313995	1506176	376544.0	paingen	2288	{"0.46":4}	anat,fmap,func
ds004746	sub-P318407	ses-1	4	1	0	1085551500	16210214	1052.4800190925598	263.12000477313995	1506176	376544.0	paingen	2288	{"0.46":4}	anat,fmap,func
ds004746	sub-P318680	ses-1	4	1	0	1097051187	15871713	1052.4800190925598	263.12000477313995	1506176	376544.0	paingen	2288	{"0.46":4}	anat,fmap,func
ds004746	sub-P321881	ses-1	4	1	0	1074484520	15657432	1052.4800190925598	263.12000477313995	1506176	376544.0	paingen	2288	{"0.46":4}	anat,fmap,func
ds004746	sub-P325170	ses-1	4	1	0	1068549205	16794468	1052.4800190925598	263.12000477313995	1506176	376544.0	paingen	2288	{"0.46":4}	anat,fmap,func
ds004746	sub-P326737	ses-1	4	1	0	1182876121	20986030	1052.4800190925598	263.12000477313995	1506176	376544.0	paingen	2288	{"0.46":4}	anat,fmap,func
ds004746	sub-P333327	ses-1	4	1	0	1095358402	15890501	1052.4800190925598	263.12000477313995	1506176	376544.0	paingen	2288	{"0.46":4}	anat,fmap,func
ds004746	sub-P334310	ses-1	4	1	0	1152480185	19741522	1052.4800190925598	263.12000477313995	1506176	376544.0	paingen	2288	{"0.46":4}	anat,fmap,func
ds004746	sub-P337498	ses-1	4	1	0	1138011333	18224281	1052.4800190925598	263.12000477313995	1506176	376544.0	paingen	2288	{"0.46":4}	anat,fmap,func
ds004746	sub-P337892	ses-1	4	1	0	1122692174	18756037	1052.4800190925598	263.12000477313995	1506176	376544.0	paingen	2288	{"0.46":4}	anat,fmap,func
ds004746	sub-P342312	ses-1	4	1	0	1132095816	16892905	1052.4800190925598	263.12000477313995	1506176	376544.0	paingen	2288	{"0.46":4}	anat,fmap,func
ds004746	sub-P343352	ses-1	4	1	0	1071644825	15172838	1052.4800190925598	263.12000477313995	1506176	376544.0	paingen	2288	{"0.46":4}	anat,fmap,func
ds004746	sub-P347302	ses-1	4	1	0	1188416912	19298467	1052.4800190925598	263.12000477313995	1506176	376544.0	paingen	2288	{"0.46":4}	anat,fmap,func
ds004746	sub-P347957	ses-1	4	1	0	1152357020	18383124	1052.4800190925598	263.12000477313995	1506176	376544.0	paingen	2288	{"0.46":4}	anat,fmap,func
ds004746	sub-P347997	ses-1	4	1	0	1178618581	19467212	1052.4800190925598	263.12000477313995	1506176	376544.0	paingen	2288	{"0.46":4}	anat,fmap,func
ds004746	sub-P350179	ses-1	4	1	0	1091289835	15457456	1052.4800190925598	263.12000477313995	1506176	376544.0	paingen	2288	{"0.46":4}	anat,fmap,func
ds004746	sub-P350638	ses-1	4	1	0	1173566576	20559185	1052.4800190925598	263.12000477313995	1506176	376544.0	paingen	2288	{"0.46":4}	anat,fmap,func
ds004746	sub-P351365	ses-1	4	1	0	1110208030	17251263	1052.4800190925598	263.12000477313995	1506176	376544.0	paingen	2288	{"0.46":4}	anat,fmap,func
ds004746	sub-P355139	ses-1	4	1	0	1171701363	19514513	1052.4800190925598	263.12000477313995	1506176	376544.0	paingen	2288	{"0.46":4}	anat,fmap,func
ds004746	sub-P355172	ses-1	4	1	0	1177453069	19072145	1052.4800190925598	263.12000477313995	1506176	376544.0	paingen	2288	{"0.46":4}	anat,fmap,func
ds004746	sub-P355477	ses-1	4	1	0	1143762862	17289608	1052.4800190925598	263.12000477313995	1506176	376544.0	paingen	2288	{"0.46":4}	anat,fmap,func
ds004746	sub-P358344	ses-1	4	1	0	1148586044	18749802	1052.4800190925598	263.12000477313995	1506176	376544.0	paingen	2288	{"0.46":4}	anat,fmap,func
ds004746	sub-P361436	ses-1	4	1	0	1073333828	16424095	1052.4800190925598	263.12000477313995	1506176	376544.0	paingen	2288	{"0.46":4}	anat,fmap,func
ds004746	sub-P361785	ses-1	4	1	0	1062531960	15974921	1052.4800190925598	263.12000477313995	1506176	376544.0	paingen	2288	{"0.46":4}	anat,fmap,func
ds004746	sub-P362613	ses-1	4	1	0	1077689808	15559186	1052.4800190925598	263.12000477313995	1506176	376544.0	paingen	2288	{"0.46":4}	anat,fmap,func
ds004746	sub-P362738	ses-1	4	1	0	1059856307	16697125	1052.4800190925598	263.12000477313995	1506176	376544.0	paingen	2288	{"0.46":4}	anat,fmap,func
ds004746	sub-P362828	ses-1	4	1	0	1107915448	15876453	1052.4800190925598	263.12000477313995	1506176	376544.0	paingen	2288	{"0.46":4}	anat,fmap,func
ds004746	sub-P363031	ses-1	4	1	0	1115034640	16352047	1052.4800190925598	263.12000477313995	1506176	376544.0	paingen	2288	{"0.46":4}	anat,fmap,func
ds004746	sub-P365224	ses-1	4	1	0	1154930252	19395562	1052.4800190925598	263.12000477313995	1506176	376544.0	paingen	2288	{"0.46":4}	anat,fmap,func
ds004746	sub-P372537	ses-1	4	1	0	1093501120	17426273	1052.4800190925598	263.12000477313995	1506176	376544.0	paingen	2288	{"0.46":4}	anat,fmap,func
ds004746	sub-P374600	ses-1	0	1	0	0	17474449	n/a	n/a	n/a	n/a	n/a	0	n/a	anat
ds004746	sub-P374600	ses-2	4	1	0	1075130047	17438434	1052.4800190925598	263.12000477313995	1506176	376544.0	paingen	2288	{"0.46":4}	anat,fmap,func
ds004746	sub-P375727	ses-1	4	1	0	1098028247	17034707	1052.4800190925598	263.12000477313995	1506176	376544.0	paingen	2288	{"0.46":4}	anat,fmap,func
ds004746	sub-P382437	ses-1	4	1	0	1059722118	14666333	1052.4800190925598	263.12000477313995	1506176	376544.0	paingen	2288	{"0.46":4}	anat,fmap,func
ds004746	sub-P383187	ses-1	4	1	0	1115562837	17164978	1052.4800190925598	263.12000477313995	1506176	376544.0	paingen	2288	{"0.46":4}	anat,fmap,func
ds004746	sub-P393226	ses-1	4	1	0	1122467111	17318888	1052.4800190925598	263.12000477313995	1506176	376544.0	paingen	2288	{"0.46":4}	anat,fmap,func
ds004746	sub-P405863	ses-1	4	1	0	1112176163	17141365	1052.4800190925598	263.12000477313995	1506176	376544.0	paingen	2288	{"0.46":4}	anat,fmap,func
ds004746	sub-P406619	ses-1	4	1	0	1139992131	19572065	1052.4800190925598	263.12000477313995	1506176	376544.0	paingen	2288	{"0.46":4}	anat,fmap,func
ds004746	sub-P407328	ses-1	4	1	0	1113329599	16750986	1052.4800190925598	263.12000477313995	1506176	376544.0	paingen	2288	{"0.46":4}	anat,fmap,func
ds004746	sub-P407420	ses-1	4	1	0	1171267791	20558535	1052.4800190925598	263.12000477313995	1506176	376544.0	paingen	2288	{"0.46":4}	anat,fmap,func
ds004746	sub-P408784	ses-1	4	1	0	1108506880	17929526	1052.4800190925598	263.12000477313995	1506176	376544.0	paingen	2288	{"0.46":4}	anat,fmap,func
ds004746	sub-P410458	ses-1	4	1	0	1180710392	19326994	1052.4800190925598	263.12000477313995	1506176	376544.0	paingen	2288	{"0.46":4}	anat,fmap,func
ds004746	sub-P410965	ses-1	4	1	0	1119685737	17638794	1052.4800190925598	263.12000477313995	1506176	376544.0	paingen	2288	{"0.46":4}	anat,fmap,func
ds004746	sub-P411761	ses-1	4	1	0	1182362984	19998520	1052.4800190925598	263.12000477313995	1506176	376544.0	paingen	2288	{"0.46":4}	anat,fmap,func
ds004746	sub-P418748	ses-1	4	1	0	1129669134	19062154	1052.4800190925598	263.12000477313995	1506176	376544.0	paingen	2288	{"0.46":4}	anat,fmap,func
ds004746	sub-P423196	ses-1	4	1	0	1171122717	19030438	1052.4800190925598	263.12000477313995	1506176	376544.0	paingen	2288	{"0.46":4}	anat,fmap,func
ds004746	sub-P423653	ses-1	4	1	0	1134882384	17180375	1052.4800190925598	263.12000477313995	1506176	376544.0	paingen	2288	{"0.46":4}	anat,fmap,func
ds004746	sub-P425408	ses-1	4	1	0	1153577139	19783193	1052.4800190925598	263.12000477313995	1506176	376544.0	paingen	2288	{"0.46":4}	anat,fmap,func
ds004746	sub-P425958	ses-1	4	1	0	1066694866	15071645	1052.4800190925598	263.12000477313995	1506176	376544.0	paingen	2288	{"0.46":4}	anat,fmap,func
ds004746	sub-P426509	ses-1	4	1	0	1088472458	16633858	1052.4800190925598	263.12000477313995	1506176	376544.0	paingen	2288	{"0.46":4}	anat,fmap,func
ds004746	sub-P427270	ses-1	4	1	0	1096546087	16823796	1052.4800190925598	263.12000477313995	1506176	376544.0	paingen	2288	{"0.46":4}	anat,fmap,func
ds004746	sub-P429346	ses-1	4	1	0	1180630159	20773564	1052.4800190925598	263.12000477313995	1506176	376544.0	paingen	2288	{"0.46":4}	anat,fmap,func
ds004746	sub-P430932	ses-1	4	1	0	1161670449	18416835	1052.4800190925598	263.12000477313995	1506176	376544.0	paingen	2288	{"0.46":4}	anat,fmap,func
ds004746	sub-P434782	ses-1	4	1	0	1156657553	18697051	1052.4800190925598	263.12000477313995	1506176	376544.0	paingen	2288	{"0.46":4}	anat,fmap,func
ds004746	sub-P435530	ses-1	4	1	0	1096884632	16489339	1052.4800190925598	263.12000477313995	1506176	376544.0	paingen	2288	{"0.46":4}	anat,fmap,func
ds004746	sub-P436240	ses-1	4	1	0	1115527353	16796766	1052.4800190925598	263.12000477313995	1506176	376544.0	paingen	2288	{"0.46":4}	anat,fmap,func
ds004746	sub-P440194	ses-1	4	1	0	1095685491	18237466	1052.4800190925598	263.12000477313995	1506176	376544.0	paingen	2288	{"0.46":4}	anat,fmap,func
ds004746	sub-P441749	ses-1	4	1	0	1105449508	16927851	1052.4800190925598	263.12000477313995	1506176	376544.0	paingen	2288	{"0.46":4}	anat,fmap,func
ds004746	sub-P442756	ses-1	4	1	0	1141274393	17636962	1052.4800190925598	263.12000477313995	1506176	376544.0	paingen	2288	{"0.46":4}	anat,fmap,func
ds004746	sub-P443642	ses-1	4	1	0	1186992729	19253713	1052.4800190925598	263.12000477313995	1506176	376544.0	paingen	2288	{"0.46":4}	anat,fmap,func
ds004746	sub-P449174	ses-1	4	1	0	1101019174	16649908	1052.4800190925598	263.12000477313995	1506176	376544.0	paingen	2288	{"0.46":4}	anat,fmap,func
ds004746	sub-P449401	ses-1	4	1	0	1127744757	17663533	1052.4800190925598	263.12000477313995	1506176	376544.0	paingen	2288	{"0.46":4}	anat,fmap,func
ds004746	sub-P451862	ses-1	4	1	0	1112858174	16387870	1052.4800190925598	263.12000477313995	1506176	376544.0	paingen	2288	{"0.46":4}	anat,fmap,func
ds004746	sub-P452351	ses-1	4	1	0	1114509438	18277851	1052.4800190925598	263.12000477313995	1506176	376544.0	paingen	2288	{"0.46":4}	anat,fmap,func
ds004746	sub-P452536	ses-1	4	1	0	1132669044	19213444	1052.4800190925598	263.12000477313995	1506176	376544.0	paingen	2288	{"0.46":4}	anat,fmap,func
ds004746	sub-P453224	ses-1	4	1	0	1144721631	18661022	1052.4800190925598	263.12000477313995	1506176	376544.0	paingen	2288	{"0.46":4}	anat,fmap,func
ds004746	sub-P455276	ses-1	4	1	0	1066349575	15900889	1052.4800190925598	263.12000477313995	1506176	376544.0	paingen	2288	{"0.46":4}	anat,func
ds004746	sub-P455554	ses-1	4	1	0	1076217813	15352335	1052.4800190925598	263.12000477313995	1506176	376544.0	paingen	2288	{"0.46":4}	anat,fmap,func
ds004746	sub-P465867	ses-1	4	1	0	1141861234	17135208	1052.4800190925598	263.12000477313995	1506176	376544.0	paingen	2288	{"0.46":4}	anat,fmap,func
ds004746	sub-P469288	ses-1	4	1	0	1137716009	18574516	1052.4800190925598	263.12000477313995	1506176	376544.0	paingen	2288	{"0.46":4}	anat,fmap,func
ds004746	sub-P471144	ses-1	4	1	0	1078061239	17045459	1052.4800190925598	263.12000477313995	1506176	376544.0	paingen	2288	{"0.46":4}	anat,fmap,func
ds004746	sub-P472714	ses-1	4	1	0	1169492944	18745923	1052.4800190925598	263.12000477313995	1506176	376544.0	paingen	2288	{"0.46":4}	anat,fmap,func
ds004746	sub-P472976	ses-1	4	1	0	1138450906	17604506	1052.4800190925598	263.12000477313995	1506176	376544.0	paingen	2288	{"0.46":4}	anat,fmap,func
ds004746	sub-P475540	ses-1	4	1	0	1096157747	15332443	1052.4800190925598	263.12000477313995	1506176	376544.0	paingen	2288	{"0.46":4}	anat,fmap,func
ds004746	sub-P475805	ses-1	4	1	0	1096023892	18781553	1052.4800190925598	263.12000477313995	1506176	376544.0	paingen	2288	{"0.46":4}	anat,fmap,func
ds004746	sub-P477624	ses-1	4	1	0	1151327755	18253901	1052.4800190925598	263.12000477313995	1506176	376544.0	paingen	2288	{"0.46":4}	anat,fmap,func
ds004746	sub-P481704	ses-1	4	1	0	1175736435	20426265	1052.4800190925598	263.12000477313995	1506176	376544.0	paingen	2288	{"0.46":4}	anat,fmap,func
ds004746	sub-P481732	ses-1	4	1	0	1117955937	17353710	1052.4800190925598	263.12000477313995	1506176	376544.0	paingen	2288	{"0.46":4}	anat,fmap,func
ds004746	sub-P487733	ses-1	4	1	0	1095845616	16071129	1052.4800190925598	263.12000477313995	1506176	376544.0	paingen	2288	{"0.46":4}	anat,fmap,func
ds004746	sub-P488732	ses-1	4	1	0	1162871420	18670001	1052.4800190925598	263.12000477313995	1506176	376544.0	paingen	2288	{"0.46":4}	anat,fmap,func
ds004746	sub-P491968	ses-1	4	1	0	1156605535	18539343	1052.4800190925598	263.12000477313995	1506176	376544.0	paingen	2288	{"0.46":4}	anat,fmap,func
ds004746	sub-P492721	ses-1	4	1	0	1136432714	18823494	1052.4800190925598	263.12000477313995	1506176	376544.0	paingen	2288	{"0.46":4}	anat,fmap,func
ds004746	sub-P493008	ses-1	4	1	0	1167249061	18114106	1052.4800190925598	263.12000477313995	1506176	376544.0	paingen	2288	{"0.46":4}	anat,fmap,func
ds004746	sub-P495479	ses-1	4	1	0	1059200670	14884359	1052.4800190925598	263.12000477313995	1506176	376544.0	paingen	2288	{"0.46":4}	anat,fmap,func
ds004746	sub-P496408	ses-1	4	1	0	1166383378	18553398	1052.4800190925598	263.12000477313995	1506176	376544.0	paingen	2288	{"0.46":4}	anat,fmap,func
ds004746	sub-P500630	ses-1	4	1	0	1116961438	18854159	1052.4800190925598	263.12000477313995	1506176	376544.0	paingen	2288	{"0.46":4}	anat,fmap,func
ds004746	sub-P506810	ses-1	4	1	0	1038883366	16754375	1052.4800190925598	263.12000477313995	1506176	376544.0	paingen	2288	{"0.46":4}	anat,fmap,func
ds004746	sub-P509159	ses-1	4	1	0	1178927174	18983873	1052.4800190925598	263.12000477313995	1506176	376544.0	paingen	2288	{"0.46":4}	anat,fmap,func
ds004746	sub-P509751	ses-1	4	1	0	1124842583	17645771	1052.4800190925598	263.12000477313995	1506176	376544.0	paingen	2288	{"0.46":4}	anat,fmap,func
ds004746	sub-P510357	ses-1	4	1	0	1155524318	18137823	1052.4800190925598	263.12000477313995	1506176	376544.0	paingen	2288	{"0.46":4}	anat,fmap,func
ds004746	sub-P511917	ses-1	4	1	0	1137496479	18895063	1052.4800190925598	263.12000477313995	1506176	376544.0	paingen	2288	{"0.46":4}	anat,fmap,func
ds004746	sub-P514331	ses-3	4	1	0	1190983694	20348495	1052.4800190925598	263.12000477313995	1506176	376544.0	paingen	2288	{"0.46":4}	anat,fmap,func
ds004746	sub-P515393	ses-1	4	1	0	1079932118	16119909	1052.4800190925598	263.12000477313995	1506176	376544.0	paingen	2288	{"0.46":4}	anat,fmap,func
ds004746	sub-P518083	ses-1	4	1	0	1126678195	17688930	1052.4800190925598	263.12000477313995	1506176	376544.0	paingen	2288	{"0.46":4}	anat,fmap,func
ds004746	sub-P519123	ses-1	4	1	0	1177354844	19268308	1052.4800190925598	263.12000477313995	1506176	376544.0	paingen	2288	{"0.46":4}	anat,fmap,func
ds004746	sub-P522046	ses-1	4	1	0	1166434979	19944774	1052.4800190925598	263.12000477313995	1506176	376544.0	paingen	2288	{"0.46":4}	anat,fmap,func
ds004746	sub-P527579	ses-1	4	1	0	1118603959	17416570	1052.4800190925598	263.12000477313995	1506176	376544.0	paingen	2288	{"0.46":4}	anat,fmap,func
ds004746	sub-P529382	ses-1	4	1	0	1130885004	18398299	1052.4800190925598	263.12000477313995	1506176	376544.0	paingen	2288	{"0.46":4}	anat,fmap,func
ds004746	sub-P531023	ses-1	4	1	0	1180290500	20867268	1052.4800190925598	263.12000477313995	1506176	376544.0	paingen	2288	{"0.46":4}	anat,fmap,func
ds004746	sub-P531556	ses-1	4	1	0	1081685628	16198252	1052.4800190925598	263.12000477313995	1506176	376544.0	paingen	2288	{"0.46":4}	anat,fmap,func
ds004746	sub-P532215	ses-1	4	1	0	1155648076	18414196	1052.4800190925598	263.12000477313995	1506176	376544.0	paingen	2288	{"0.46":4}	anat,fmap,func
ds004746	sub-P532622	ses-1	4	1	0	1122570775	16700171	1052.4800190925598	263.12000477313995	1506176	376544.0	paingen	2288	{"0.46":4}	anat,fmap,func
ds004746	sub-P533661	ses-1	4	1	0	1107677125	17511978	1052.4800190925598	263.12000477313995	1506176	376544.0	paingen	2288	{"0.46":4}	anat,fmap,func
ds004746	sub-P534247	ses-1	4	1	0	1064766888	16913588	1052.4800190925598	263.12000477313995	1506176	376544.0	paingen	2288	{"0.46":4}	anat,fmap,func
ds004746	sub-P535226	ses-1	4	1	0	1075242947	16163085	1052.4800190925598	263.12000477313995	1506176	376544.0	paingen	2288	{"0.46":4}	anat,fmap,func
ds004746	sub-P536584	ses-1	4	1	0	1122035081	16512047	1052.4800190925598	263.12000477313995	1506176	376544.0	paingen	2288	{"0.46":4}	anat,fmap,func
ds004746	sub-P538040	ses-1	4	1	0	1054983833	16217834	1052.4800190925598	263.12000477313995	1506176	376544.0	paingen	2288	{"0.46":4}	anat,fmap,func
ds004746	sub-P539985	ses-1	4	1	0	1189095361	20395226	1052.4800190925598	263.12000477313995	1506176	376544.0	paingen	2288	{"0.46":4}	anat,fmap,func
ds004746	sub-P541546	ses-1	4	1	0	1172174233	19062586	1052.4800190925598	263.12000477313995	1506176	376544.0	paingen	2288	{"0.46":4}	anat,fmap,func
ds004746	sub-P542082	ses-1	4	1	0	1091061375	17237131	1052.4800190925598	263.12000477313995	1506176	376544.0	paingen	2288	{"0.46":4}	anat,fmap,func
ds004746	sub-P544896	ses-1	4	1	0	1074144352	17432631	1052.4800190925598	263.12000477313995	1506176	376544.0	paingen	2288	{"0.46":4}	anat,fmap,func
ds004746	sub-P548004	ses-1	4	1	0	1113462238	17862676	1052.4800190925598	263.12000477313995	1506176	376544.0	paingen	2288	{"0.46":4}	anat,fmap,func
ds004746	sub-P550508	ses-1	4	1	0	1133084684	17224565	1052.4800190925598	263.12000477313995	1506176	376544.0	paingen	2288	{"0.46":4}	anat,fmap,func
ds004746	sub-P555037	ses-1	4	1	0	1104091161	18696270	1052.4800190925598	263.12000477313995	1506176	376544.0	paingen	2288	{"0.46":4}	anat,fmap,func
ds004746	sub-P555476	ses-1	4	1	0	1049928348	14979864	1052.4800190925598	263.12000477313995	1506176	376544.0	paingen	2288	{"0.46":4}	anat,fmap,func
ds004746	sub-P562631	ses-1	4	1	0	1106389628	18179193	1052.4800190925598	263.12000477313995	1506176	376544.0	paingen	2288	{"0.46":4}	anat,fmap,func
ds004746	sub-P564620	ses-1	4	1	0	1124035979	18983925	1052.4800190925598	263.12000477313995	1506176	376544.0	paingen	2288	{"0.46":4}	anat,fmap,func
ds004746	sub-P575204	ses-1	4	1	0	1158697589	21320897	1052.4800190925598	263.12000477313995	1506176	376544.0	paingen	2288	{"0.46":4}	anat,fmap,func
ds004746	sub-P580452	ses-1	4	1	0	1126610990	20397675	1052.4800190925598	263.12000477313995	1506176	376544.0	paingen	2288	{"0.46":4}	anat,fmap,func
ds004746	sub-P581176	ses-1	4	1	0	1167962273	18704258	1052.4800190925598	263.12000477313995	1506176	376544.0	paingen	2288	{"0.46":4}	anat,fmap,func
ds004746	sub-P581261	ses-1	4	1	0	1129482270	19220898	1052.4800190925598	263.12000477313995	1506176	376544.0	paingen	2288	{"0.46":4}	anat,fmap,func
ds004746	sub-P581432	ses-1	4	1	0	1118579190	17014483	1052.4800190925598	263.12000477313995	1506176	376544.0	paingen	2288	{"0.46":4}	anat,fmap,func
ds004746	sub-P581478	ses-1	4	1	0	1087619794	15744309	1052.4800190925598	263.12000477313995	1506176	376544.0	paingen	2288	{"0.46":4}	anat,fmap,func
ds004746	sub-P583690	ses-1	4	1	0	1158747354	18462107	1052.4800190925598	263.12000477313995	1506176	376544.0	paingen	2288	{"0.46":4}	anat,fmap,func
ds004746	sub-P584913	ses-1	4	1	0	1152779405	17134516	1052.4800190925598	263.12000477313995	1506176	376544.0	paingen	2288	{"0.46":4}	anat,fmap,func
ds004746	sub-P585501	ses-1	4	1	0	1105859059	16509819	1052.4800190925598	263.12000477313995	1506176	376544.0	paingen	2288	{"0.46":4}	anat,fmap,func
ds004746	sub-P586917	ses-1	4	1	0	1137509159	18704431	1052.4800190925598	263.12000477313995	1506176	376544.0	paingen	2288	{"0.46":4}	anat,fmap,func
ds004746	sub-P588861	ses-1	4	1	0	1105276292	16828360	1052.4800190925598	263.12000477313995	1506176	376544.0	paingen	2288	{"0.46":4}	anat,fmap,func
ds004746	sub-P589234	ses-1	4	1	0	1095162642	16714447	1052.4800190925598	263.12000477313995	1506176	376544.0	paingen	2288	{"0.46":4}	anat,fmap,func
ds004746	sub-P589580	ses-1	4	1	0	1053539413	16144119	1052.4800190925598	263.12000477313995	1506176	376544.0	paingen	2288	{"0.46":4}	anat,fmap,func
ds004746	sub-P590184	ses-1	4	1	0	1175678403	18624682	1052.4800190925598	263.12000477313995	1506176	376544.0	paingen	2288	{"0.46":4}	anat,fmap,func
ds004746	sub-P594313	ses-1	4	1	0	1106585585	15935355	1052.4800190925598	263.12000477313995	1506176	376544.0	paingen	2288	{"0.46":4}	anat,fmap,func
ds004746	sub-P595749	ses-1	4	1	0	1085403097	15794422	1052.4800190925598	263.12000477313995	1506176	376544.0	paingen	2288	{"0.46":4}	anat,fmap,func
ds004746	sub-P597481	ses-1	4	1	0	1052209672	16138830	1052.4800190925598	263.12000477313995	1506176	376544.0	paingen	2288	{"0.46":4}	anat,fmap,func
ds004746	sub-P597560	ses-1	4	1	0	1141777587	19144401	1052.4800190925598	263.12000477313995	1506176	376544.0	paingen	2288	{"0.46":4}	anat,fmap,func
ds004746	sub-P598089	ses-1	4	1	0	1091301247	16121740	1052.4800190925598	263.12000477313995	1506176	376544.0	paingen	2288	{"0.46":4}	anat,fmap,func
ds004746	sub-P601630	ses-1	4	1	0	1106374204	16365676	1052.4800190925598	263.12000477313995	1506176	376544.0	paingen	2288	{"0.46":4}	anat,fmap,func
ds004746	sub-P602056	ses-1	4	1	0	1084296593	14907981	1052.4800190925598	263.12000477313995	1506176	376544.0	paingen	2288	{"0.46":4}	anat,fmap,func
ds004746	sub-P602203	ses-1	4	1	0	1138626246	18295219	1052.4800190925598	263.12000477313995	1506176	376544.0	paingen	2288	{"0.46":4}	anat,fmap,func
ds004746	sub-P602968	ses-1	4	1	0	1156006426	19869464	1052.4800190925598	263.12000477313995	1506176	376544.0	paingen	2288	{"0.46":4}	anat,fmap,func
ds004746	sub-P610359	ses-1	4	1	0	1122489656	16830562	1052.4800190925598	263.12000477313995	1506176	376544.0	paingen	2288	{"0.46":4}	anat,fmap,func
ds004746	sub-P611111	ses-1	0	1	0	0	18675887	n/a	n/a	n/a	n/a	n/a	0	n/a	anat,fmap
ds004746	sub-P611111	ses-2	4	0	0	1188621997	0	1052.4800190925598	263.12000477313995	1506176	376544.0	paingen	2288	{"0.46":4}	fmap,func
ds004746	sub-P613187	ses-1	4	1	0	1094854758	18063050	1052.4800190925598	263.12000477313995	1506176	376544.0	paingen	2288	{"0.46":4}	anat,fmap,func
ds004746	sub-P615514	ses-1	4	1	0	1120257744	16845321	1052.4800190925598	263.12000477313995	1506176	376544.0	paingen	2288	{"0.46":4}	anat,fmap,func
ds004746	sub-P616079	ses-1	4	1	0	1077095721	16362212	1052.4800190925598	263.12000477313995	1506176	376544.0	paingen	2288	{"0.46":4}	anat,fmap,func
ds004746	sub-P617022	ses-1	4	1	0	1102516562	18701317	1052.4800190925598	263.12000477313995	1506176	376544.0	paingen	2288	{"0.46":4}	anat,fmap,func
ds004746	sub-P620347	ses-1	4	1	0	1163103088	17989707	1052.4800190925598	263.12000477313995	1506176	376544.0	paingen	2288	{"0.46":4}	anat,fmap,func
ds004746	sub-P624980	ses-1	4	1	0	1096870882	17169199	1052.4800190925598	263.12000477313995	1506176	376544.0	paingen	2288	{"0.46":4}	anat,fmap,func
ds004746	sub-P627627	ses-1	4	1	0	1111409578	16772575	1052.4800190925598	263.12000477313995	1506176	376544.0	paingen	2288	{"0.46":4}	anat,fmap,func
ds004746	sub-P631776	ses-1	4	1	0	1157735719	17156347	1052.4800190925598	263.12000477313995	1506176	376544.0	paingen	2288	{"0.46":4}	anat,fmap,func
ds004746	sub-P636997	ses-1	4	1	0	1166454370	18966195	1052.4800190925598	263.12000477313995	1506176	376544.0	paingen	2288	{"0.46":4}	anat,fmap,func
ds004746	sub-P637302	ses-1	4	1	0	1171698194	19800095	1052.4800190925598	263.12000477313995	1506176	376544.0	paingen	2288	{"0.46":4}	anat,fmap,func
ds004746	sub-P642970	ses-2	4	1	0	1005212046	14431060	1052.4800190925598	263.12000477313995	1506176	376544.0	paingen	2288	{"0.46":4}	anat,fmap,func
ds004746	sub-P644689	ses-1	4	1	0	1113538885	17629871	1052.4800190925598	263.12000477313995	1506176	376544.0	paingen	2288	{"0.46":4}	anat,fmap,func
ds004746	sub-P648124	ses-1	4	1	0	1116422952	18510026	1052.4800190925598	263.12000477313995	1506176	376544.0	paingen	2288	{"0.46":4}	anat,fmap,func
ds004746	sub-P650434	ses-1	4	1	0	1149668441	19103086	1052.4800190925598	263.12000477313995	1506176	376544.0	paingen	2288	{"0.46":4}	anat,fmap,func
ds004746	sub-P656862	ses-1	4	1	0	1050609744	15060552	1052.4800190925598	263.12000477313995	1506176	376544.0	paingen	2288	{"0.46":4}	anat,fmap,func
ds004746	sub-P657394	ses-1	4	1	0	1107981442	16514415	1052.4800190925598	263.12000477313995	1506176	376544.0	paingen	2288	{"0.46":4}	anat,fmap,func
ds004746	sub-P657622	ses-1	4	1	0	1203107580	20463587	1052.4800190925598	263.12000477313995	1506176	376544.0	paingen	2288	{"0.46":4}	anat,fmap,func
ds004746	sub-P658223	ses-1	4	1	0	1156805066	19654526	1052.4800190925598	263.12000477313995	1506176	376544.0	paingen	2288	{"0.46":4}	anat,fmap,func
ds004746	sub-P661442	ses-1	4	1	0	1067825655	16847029	1052.4800190925598	263.12000477313995	1506176	376544.0	paingen	2288	{"0.46":4}	anat,fmap,func
ds004746	sub-P668090	ses-1	4	1	0	1180918964	20293307	1052.4800190925598	263.12000477313995	1506176	376544.0	paingen	2288	{"0.46":4}	anat,fmap,func
ds004746	sub-P669390	ses-1	4	2	0	1156620729	38699008	1052.4800190925598	263.12000477313995	1506176	376544.0	paingen	2288	{"0.46":4}	anat,fmap,func
ds004746	sub-P670299	ses-1	4	1	0	1066830111	16224043	1052.4800190925598	263.12000477313995	1506176	376544.0	paingen	2288	{"0.46":4}	anat,fmap,func
ds004746	sub-P676158	ses-1	4	1	0	1145304529	19969615	1052.4800190925598	263.12000477313995	1506176	376544.0	paingen	2288	{"0.46":4}	anat,fmap,func
ds004746	sub-P685429	ses-1	4	1	0	1129596845	16605625	1052.4800190925598	263.12000477313995	1506176	376544.0	paingen	2288	{"0.46":4}	anat,fmap,func
ds004746	sub-P685577	ses-1	3	1	0	825972504	19359706	789.3600143194199	263.12000477313995	1129632	376544.0	paingen	1716	{"0.46":3}	anat,fmap,func
ds004746	sub-P686010	ses-1	4	1	0	1070741988	16809942	1052.4800190925598	263.12000477313995	1506176	376544.0	paingen	2288	{"0.46":4}	anat,fmap,func
ds004746	sub-P687000	ses-1	4	1	0	1166781954	19334673	1052.4800190925598	263.12000477313995	1506176	376544.0	paingen	2288	{"0.46":4}	anat,fmap,func
ds004746	sub-P688069	ses-1	4	1	0	1165020658	19156616	1052.4800190925598	263.12000477313995	1506176	376544.0	paingen	2288	{"0.46":4}	anat,fmap,func
ds004746	sub-P694293	ses-1	4	1	0	1186186257	20807017	1052.4800190925598	263.12000477313995	1506176	376544.0	paingen	2288	{"0.46":4}	anat,fmap,func
ds004746	sub-P694312	ses-1	4	1	0	1096105559	15733219	1052.4800190925598	263.12000477313995	1506176	376544.0	paingen	2288	{"0.46":4}	anat,fmap,func
ds004746	sub-P701321	ses-1	4	1	0	1127128281	16876956	1052.4800190925598	263.12000477313995	1506176	376544.0	paingen	2288	{"0.46":4}	anat,fmap,func
ds004746	sub-P701908	ses-1	4	1	0	1070978606	15696262	1052.4800190925598	263.12000477313995	1506176	376544.0	paingen	2288	{"0.46":4}	anat,fmap,func
ds004746	sub-P705145	ses-1	4	1	0	1104267120	17624490	1052.4800190925598	263.12000477313995	1506176	376544.0	paingen	2288	{"0.46":4}	anat,fmap,func
ds004746	sub-P706023	ses-1	4	1	0	1135567202	18475316	1052.4800190925598	263.12000477313995	1506176	376544.0	paingen	2288	{"0.46":4}	anat,fmap,func
ds004746	sub-P707328	ses-1	4	1	0	1085883247	16266878	1052.4800190925598	263.12000477313995	1506176	376544.0	paingen	2288	{"0.46":4}	anat,fmap,func
ds004746	sub-P708396	ses-1	4	1	0	1078896895	17279475	1052.4800190925598	263.12000477313995	1506176	376544.0	paingen	2288	{"0.46":4}	anat,fmap,func
ds004746	sub-P708629	ses-1	4	1	0	1071365172	15760701	1052.4800190925598	263.12000477313995	1506176	376544.0	paingen	2288	{"0.46":4}	anat,fmap,func
ds004746	sub-P711551	ses-1	4	1	0	1132949603	17466195	1052.4800190925598	263.12000477313995	1506176	376544.0	paingen	2288	{"0.46":4}	anat,fmap,func
ds004746	sub-P713450	ses-1	4	1	0	1080136651	16290743	1052.4800190925598	263.12000477313995	1506176	376544.0	paingen	2288	{"0.46":4}	anat,fmap,func
ds004746	sub-P720262	ses-1	4	1	0	1107312820	17041226	1052.4800190925598	263.12000477313995	1506176	376544.0	paingen	2288	{"0.46":4}	anat,fmap,func
ds004746	sub-P721867	ses-1	4	1	0	1129907864	17701399	1052.4800190925598	263.12000477313995	1506176	376544.0	paingen	2288	{"0.46":4}	anat,fmap,func
ds004746	sub-P721983	ses-1	4	1	0	1135081688	17895489	1052.4800190925598	263.12000477313995	1506176	376544.0	paingen	2288	{"0.46":4}	anat,fmap,func
ds004746	sub-P722329	ses-1	4	1	0	1130859221	19242456	1052.4800190925598	263.12000477313995	1506176	376544.0	paingen	2288	{"0.46":4}	anat,fmap,func
ds004746	sub-P722779	ses-1	4	1	0	1060942109	16590247	1052.4800190925598	263.12000477313995	1506176	376544.0	paingen	2288	{"0.46":4}	anat,fmap,func
ds004746	sub-P723824	ses-1	4	1	0	1165911506	19985787	1052.4800190925598	263.12000477313995	1506176	376544.0	paingen	2288	{"0.46":4}	anat,fmap,func
ds004746	sub-P725288	ses-1	4	1	0	1084228077	16659902	1052.4800190925598	263.12000477313995	1506176	376544.0	paingen	2288	{"0.46":4}	anat,fmap,func
ds004746	sub-P725467	ses-1	4	1	0	1180478852	19092358	1052.4800190925598	263.12000477313995	1506176	376544.0	paingen	2288	{"0.46":4}	anat,fmap,func
ds004746	sub-P727955	ses-1	4	1	0	1163259965	19447487	1052.4800190925598	263.12000477313995	1506176	376544.0	paingen	2288	{"0.46":4}	anat,fmap,func
ds004746	sub-P728114	ses-1	4	1	0	1078127487	16638959	1052.4800190925598	263.12000477313995	1506176	376544.0	paingen	2288	{"0.46":4}	anat,fmap,func
ds004746	sub-P728928	ses-1	4	1	0	1086718688	15656951	1052.4800190925598	263.12000477313995	1506176	376544.0	paingen	2288	{"0.46":4}	anat,fmap,func
ds004746	sub-P731818	ses-1	4	1	0	1041496881	15049118	1052.4800190925598	263.12000477313995	1506176	376544.0	paingen	2288	{"0.46":4}	anat,fmap,func
ds004746	sub-P735450	ses-1	4	1	0	1086262585	16081542	1052.4800190925598	263.12000477313995	1506176	376544.0	paingen	2288	{"0.46":4}	anat,fmap,func
ds004746	sub-P736462	ses-1	4	1	0	1142106288	18226829	1052.4800190925598	263.12000477313995	1506176	376544.0	paingen	2288	{"0.46":4}	anat,fmap,func
ds004746	sub-P736917	ses-1	4	1	0	1082949987	17699125	1052.4800190925598	263.12000477313995	1506176	376544.0	paingen	2288	{"0.46":4}	anat,fmap,func
ds004746	sub-P743398	ses-1	4	1	0	1110719581	15871081	1052.4800190925598	263.12000477313995	1506176	376544.0	paingen	2288	{"0.46":4}	anat,fmap,func
ds004746	sub-P744293	ses-1	4	1	0	1161572666	18598732	1052.4800190925598	263.12000477313995	1506176	376544.0	paingen	2288	{"0.46":4}	anat,fmap,func
ds004746	sub-P747541	ses-1	4	1	0	1104321985	15995911	1052.4800190925598	263.12000477313995	1506176	376544.0	paingen	2288	{"0.46":4}	anat,fmap,func
ds004746	sub-P753551	ses-1	4	1	0	1076973688	15249199	1052.4800190925598	263.12000477313995	1506176	376544.0	paingen	2288	{"0.46":4}	anat,fmap,func
ds004746	sub-P754020	ses-1	4	1	0	1084383606	16058660	1052.4800190925598	263.12000477313995	1506176	376544.0	paingen	2288	{"0.46":4}	anat,fmap,func
ds004746	sub-P754436	ses-1	4	1	0	1074804545	14646095	1052.4800190925598	263.12000477313995	1506176	376544.0	paingen	2288	{"0.46":4}	anat,fmap,func
ds004746	sub-P756976	ses-1	4	1	0	1091300581	18090400	1052.4800190925598	263.12000477313995	1506176	376544.0	paingen	2288	{"0.46":4}	anat,fmap,func
ds004746	sub-P757637	ses-1	4	1	0	1142088976	19679906	1052.4800190925598	263.12000477313995	1506176	376544.0	paingen	2288	{"0.46":4}	anat,fmap,func
ds004746	sub-P758535	ses-1	4	1	0	1062016741	14620956	1052.4800190925598	263.12000477313995	1506176	376544.0	paingen	2288	{"0.46":4}	anat,fmap,func
ds004746	sub-P762124	ses-1	4	1	0	1081128375	15211951	1052.4800190925598	263.12000477313995	1506176	376544.0	paingen	2288	{"0.46":4}	anat,fmap,func
ds004746	sub-P764229	ses-1	4	1	0	1140965338	16579451	1052.4800190925598	263.12000477313995	1506176	376544.0	paingen	2288	{"0.46":4}	anat,fmap,func
ds004746	sub-P766732	ses-1	4	1	0	1113418044	16960640	1052.4800190925598	263.12000477313995	1506176	376544.0	paingen	2288	{"0.46":4}	anat,fmap,func
ds004746	sub-P766974	ses-1	4	1	0	1152204965	18311469	1052.4800190925598	263.12000477313995	1506176	376544.0	paingen	2288	{"0.46":4}	anat,fmap,func
ds004746	sub-P767221	ses-1	4	1	0	1089196073	15779690	1052.4800190925598	263.12000477313995	1506176	376544.0	paingen	2288	{"0.46":4}	anat,fmap,func
ds004746	sub-P768463	ses-1	4	1	0	1169055003	19832476	1052.4800190925598	263.12000477313995	1506176	376544.0	paingen	2288	{"0.46":4}	anat,fmap,func
ds004746	sub-P770277	ses-1	4	1	0	1127497770	19595822	1052.4800190925598	263.12000477313995	1506176	376544.0	paingen	2288	{"0.46":4}	anat,fmap,func
ds004746	sub-P770829	ses-1	4	1	0	1086717196	15508181	1052.4800190925598	263.12000477313995	1506176	376544.0	paingen	2288	{"0.46":4}	anat,fmap,func
ds004746	sub-P772003	ses-1	4	1	0	1094828484	17800468	1052.4800190925598	263.12000477313995	1506176	376544.0	paingen	2288	{"0.46":4}	anat,fmap,func
ds004746	sub-P772071	ses-1	4	1	0	1111955861	15864223	1052.4800190925598	263.12000477313995	1506176	376544.0	paingen	2288	{"0.46":4}	anat,fmap,func
ds004746	sub-P775924	ses-1	4	1	0	1086800345	14699288	1052.4800190925598	263.12000477313995	1506176	376544.0	paingen	2288	{"0.46":4}	anat,fmap,func
ds004746	sub-P779976	ses-1	4	1	0	1119040937	17639237	1052.4800190925598	263.12000477313995	1506176	376544.0	paingen	2288	{"0.46":4}	anat,fmap,func
ds004746	sub-P785904	ses-1	4	1	0	1097245290	16053611	1052.4800190925598	263.12000477313995	1506176	376544.0	paingen	2288	{"0.46":4}	anat,fmap,func
ds004746	sub-P792689	ses-1	4	1	0	1078264820	16369472	1052.4800190925598	263.12000477313995	1506176	376544.0	paingen	2288	{"0.46":4}	anat,fmap,func
ds004746	sub-P797471	ses-1	4	1	0	1121699595	17756163	1052.4800190925598	263.12000477313995	1506176	376544.0	paingen	2288	{"0.46":4}	anat,fmap,func
ds004746	sub-P802002	ses-1	4	1	0	1127218016	18693927	1052.4800190925598	263.12000477313995	1506176	376544.0	paingen	2288	{"0.46":4}	anat,fmap,func
ds004746	sub-P802283	ses-1	4	1	0	1089909654	15924665	1052.4800190925598	263.12000477313995	1506176	376544.0	paingen	2288	{"0.46":4}	anat,fmap,func
ds004746	sub-P806226	ses-1	4	1	0	1109550978	16855628	1052.4800190925598	263.12000477313995	1506176	376544.0	paingen	2288	{"0.46":4}	anat,fmap,func
ds004746	sub-P806443	ses-1	4	1	0	1180721262	19983738	1052.4800190925598	263.12000477313995	1506176	376544.0	paingen	2288	{"0.46":4}	anat,fmap,func
ds004746	sub-P808443	ses-1	4	1	0	1183302325	19536196	1052.4800190925598	263.12000477313995	1506176	376544.0	paingen	2288	{"0.46":4}	anat,fmap,func
ds004746	sub-P808856	ses-1	4	1	0	1098366455	16247846	1052.4800190925598	263.12000477313995	1506176	376544.0	paingen	2288	{"0.46":4}	anat,fmap,func
ds004746	sub-P811768	ses-1	4	1	0	1034076387	13788482	1052.4800190925598	263.12000477313995	1506176	376544.0	paingen	2288	{"0.46":4}	anat,fmap,func
ds004746	sub-P815684	ses-1	4	1	0	1167219357	18885849	1052.4800190925598	263.12000477313995	1506176	376544.0	paingen	2288	{"0.46":4}	anat,fmap,func
ds004746	sub-P818846	ses-1	4	1	0	1153242632	17763494	1052.4800190925598	263.12000477313995	1506176	376544.0	paingen	2288	{"0.46":4}	anat,fmap,func
ds004746	sub-P824991	ses-1	4	1	0	1074347989	16431306	1052.4800190925598	263.12000477313995	1506176	376544.0	paingen	2288	{"0.46":4}	anat,fmap,func
ds004746	sub-P833304	ses-1	4	1	0	1078955413	15719930	1052.4800190925598	263.12000477313995	1506176	376544.0	paingen	2288	{"0.46":4}	anat,fmap,func
ds004746	sub-P838262	ses-1	4	1	0	1110011643	15768719	1052.4800190925598	263.12000477313995	1506176	376544.0	paingen	2288	{"0.46":4}	anat,fmap,func
ds004746	sub-P840740	ses-1	4	1	0	1074409248	16302402	1052.4800190925598	263.12000477313995	1506176	376544.0	paingen	2288	{"0.46":4}	anat,fmap,func
ds004746	sub-P841565	ses-1	4	1	0	1136472152	18446304	1052.4800190925598	263.12000477313995	1506176	376544.0	paingen	2288	{"0.46":4}	anat,fmap,func
ds004746	sub-P845076	ses-1	4	1	0	1146710211	19906353	1052.4800190925598	263.12000477313995	1506176	376544.0	paingen	2288	{"0.46":4}	anat,fmap,func
ds004746	sub-P845588	ses-1	4	1	0	1155044173	18742416	1052.4800190925598	263.12000477313995	1506176	376544.0	paingen	2288	{"0.46":4}	anat,fmap,func
ds004746	sub-P846100	ses-1	4	1	0	1121652479	16857112	1052.4800190925598	263.12000477313995	1506176	376544.0	paingen	2288	{"0.46":4}	anat,fmap,func
ds004746	sub-P848584	ses-1	4	1	0	1114130038	17654095	1052.4800190925598	263.12000477313995	1506176	376544.0	paingen	2288	{"0.46":4}	anat,fmap,func
ds004746	sub-P850319	ses-1	4	1	0	1130044938	17975665	1052.4800190925598	263.12000477313995	1506176	376544.0	paingen	2288	{"0.46":4}	anat,fmap,func
ds004746	sub-P851083	ses-1	4	1	0	1155115287	19544773	1052.4800190925598	263.12000477313995	1506176	376544.0	paingen	2288	{"0.46":4}	anat,fmap,func
ds004746	sub-P853220	ses-1	4	1	0	1136295362	17315289	1052.4800190925598	263.12000477313995	1506176	376544.0	paingen	2288	{"0.46":4}	anat,fmap,func
ds004746	sub-P853716	ses-1	4	1	0	1115507859	16894835	1052.4800190925598	263.12000477313995	1506176	376544.0	paingen	2288	{"0.46":4}	anat,fmap,func
ds004746	sub-P855273	ses-1	4	1	0	1091652339	15237849	1052.4800190925598	263.12000477313995	1506176	376544.0	paingen	2288	{"0.46":4}	anat,fmap,func
ds004746	sub-P855421	ses-1	4	1	0	1119613920	16203144	1052.4800190925598	263.12000477313995	1506176	376544.0	paingen	2288	{"0.46":4}	anat,fmap,func
ds004746	sub-P857277	ses-1	4	1	0	1041750961	14145682	1052.4800190925598	263.12000477313995	1506176	376544.0	paingen	2288	{"0.46":4}	anat,fmap,func
ds004746	sub-P857892	ses-1	4	1	0	1104941455	17476064	1052.4800190925598	263.12000477313995	1506176	376544.0	paingen	2288	{"0.46":4}	anat,fmap,func
ds004746	sub-P861175	ses-1	4	1	0	1161752348	18989943	1052.4800190925598	263.12000477313995	1506176	376544.0	paingen	2288	{"0.46":4}	anat,fmap,func
ds004746	sub-P863473	ses-1	4	1	0	1109702079	17331347	1052.4800190925598	263.12000477313995	1506176	376544.0	paingen	2288	{"0.46":4}	anat,fmap,func
ds004746	sub-P865874	ses-1	4	1	0	1147920146	18773644	1052.4800190925598	263.12000477313995	1506176	376544.0	paingen	2288	{"0.46":4}	anat,fmap,func
ds004746	sub-P871359	ses-1	4	1	0	1080378326	15156014	1052.4800190925598	263.12000477313995	1506176	376544.0	paingen	2288	{"0.46":4}	anat,fmap,func
ds004746	sub-P874480	ses-1	4	1	0	1120354728	16975781	1052.4800190925598	263.12000477313995	1506176	376544.0	paingen	2288	{"0.46":4}	anat,fmap,func
ds004746	sub-P876344	ses-1	4	1	0	1105103765	17486583	1052.4800190925598	263.12000477313995	1506176	376544.0	paingen	2288	{"0.46":4}	anat,fmap,func
ds004746	sub-P877707	ses-1	4	1	0	1104741954	15899335	1052.4800190925598	263.12000477313995	1506176	376544.0	paingen	2288	{"0.46":4}	anat,fmap,func
ds004746	sub-P880258	ses-1	4	1	0	1191254786	21050111	1052.4800190925598	263.12000477313995	1506176	376544.0	paingen	2288	{"0.46":4}	anat,fmap,func
ds004746	sub-P881699	ses-1	4	1	0	1180467507	21246226	1052.4800190925598	263.12000477313995	1506176	376544.0	paingen	2288	{"0.46":4}	anat,fmap,func
ds004746	sub-P884340	ses-1	4	1	0	1126990398	18722985	1052.4800190925598	263.12000477313995	1506176	376544.0	paingen	2288	{"0.46":4}	anat,fmap,func
ds004746	sub-P884961	ses-1	4	1	0	1198209717	19199131	1052.4800190925598	263.12000477313995	1506176	376544.0	paingen	2288	{"0.46":4}	anat,fmap,func
ds004746	sub-P886156	ses-1	4	1	0	1115533483	16939229	1052.4800190925598	263.12000477313995	1506176	376544.0	paingen	2288	{"0.46":4}	anat,fmap,func
ds004746	sub-P889490	ses-1	4	1	0	1191528018	18041857	1052.4800190925598	263.12000477313995	1506176	376544.0	paingen	2288	{"0.46":4}	anat,fmap,func
ds004746	sub-P892112	ses-1	4	1	0	1105082568	17201578	1052.4800190925598	263.12000477313995	1506176	376544.0	paingen	2288	{"0.46":4}	anat,fmap,func
ds004746	sub-P895817	ses-1	4	1	0	1078751202	16778727	1052.4800190925598	263.12000477313995	1506176	376544.0	paingen	2288	{"0.46":4}	anat,fmap,func
ds004746	sub-P897835	ses-1	4	1	0	1201004367	20224867	1052.4800190925598	263.12000477313995	1506176	376544.0	paingen	2288	{"0.46":4}	anat,fmap,func
ds004746	sub-P902309	ses-1	4	1	0	1086164257	17247458	1052.4800190925598	263.12000477313995	1506176	376544.0	paingen	2288	{"0.46":4}	anat,fmap,func
ds004746	sub-P903153	ses-1	4	1	0	1065793204	14129873	1052.4800190925598	263.12000477313995	1506176	376544.0	paingen	2288	{"0.46":4}	anat,fmap,func
ds004746	sub-P906013	ses-1	4	1	0	1061321800	16206762	1052.4800190925598	263.12000477313995	1506176	376544.0	paingen	2288	{"0.46":4}	anat,fmap,func
ds004746	sub-P906165	ses-1	4	1	0	1165763732	18026384	1052.4800190925598	263.12000477313995	1506176	376544.0	paingen	2288	{"0.46":4}	anat,fmap,func
ds004746	sub-P906663	ses-1	4	1	0	1095152607	16530612	1052.4800190925598	263.12000477313995	1506176	376544.0	paingen	2288	{"0.46":4}	anat,fmap,func
ds004746	sub-P910639	ses-1	4	1	0	1070510706	16262974	1052.4800190925598	263.12000477313995	1506176	376544.0	paingen	2288	{"0.46":4}	anat,fmap,func
ds004746	sub-P912550	ses-1	4	1	0	1198021085	20034702	1052.4800190925598	263.12000477313995	1506176	376544.0	paingen	2288	{"0.46":4}	anat,fmap,func
ds004746	sub-P913611	ses-1	4	1	0	1156703260	19048091	1052.4800190925598	263.12000477313995	1506176	376544.0	paingen	2288	{"0.46":4}	anat,fmap,func
ds004746	sub-P914738	ses-1	4	1	0	1170647971	21141856	1052.4800190925598	263.12000477313995	1506176	376544.0	paingen	2288	{"0.46":4}	anat,fmap,func
ds004746	sub-P922182	ses-1	4	1	0	1184605692	19907669	1052.4800190925598	263.12000477313995	1506176	376544.0	paingen	2288	{"0.46":4}	anat,fmap,func
ds004746	sub-P922577	ses-1	4	1	0	1113378062	17025595	1052.4800190925598	263.12000477313995	1506176	376544.0	paingen	2288	{"0.46":4}	anat,fmap,func
ds004746	sub-P927838	ses-1	4	1	0	1153853603	19159684	1052.4800190925598	263.12000477313995	1506176	376544.0	paingen	2288	{"0.46":4}	anat,fmap,func
ds004746	sub-P932327	ses-1	4	1	0	1096934029	16046586	1052.4800190925598	263.12000477313995	1506176	376544.0	paingen	2288	{"0.46":4}	anat,fmap,func
ds004746	sub-P934053	ses-1	4	1	0	1090652121	18148472	1052.4800190925598	263.12000477313995	1506176	376544.0	paingen	2288	{"0.46":4}	anat,fmap,func
ds004746	sub-P934776	ses-1	4	1	0	1160612950	19577918	1052.4800190925598	263.12000477313995	1506176	376544.0	paingen	2288	{"0.46":4}	anat,fmap,func
ds004746	sub-P935142	ses-1	4	1	0	1098542498	16383129	1052.4800190925598	263.12000477313995	1506176	376544.0	paingen	2288	{"0.46":4}	anat,fmap,func
ds004746	sub-P938675	ses-1	4	1	0	1094212526	15825321	1052.4800190925598	263.12000477313995	1506176	376544.0	paingen	2288	{"0.46":4}	anat,fmap,func
ds004746	sub-P942374	ses-1	4	1	0	1114985999	17015657	1052.4800190925598	263.12000477313995	1506176	376544.0	paingen	2288	{"0.46":4}	anat,fmap,func
ds004746	sub-P942745	ses-1	4	1	0	1125777879	16403799	1052.4800190925598	263.12000477313995	1506176	376544.0	paingen	2288	{"0.46":4}	anat,fmap,func
ds004746	sub-P943835	ses-1	4	1	0	1067279898	15653571	1052.4800190925598	263.12000477313995	1506176	376544.0	paingen	2288	{"0.46":4}	anat,fmap,func
ds004746	sub-P945463	ses-1	4	1	0	1093059226	14910278	1052.4800190925598	263.12000477313995	1506176	376544.0	paingen	2288	{"0.46":4}	anat,fmap,func
ds004746	sub-P951046	ses-1	4	1	0	1107661398	17553190	1052.4800190925598	263.12000477313995	1506176	376544.0	paingen	2288	{"0.46":4}	anat,fmap,func
ds004746	sub-P953674	ses-1	4	1	0	1128954044	17504458	1052.4800190925598	263.12000477313995	1506176	376544.0	paingen	2288	{"0.46":4}	anat,fmap,func
ds004746	sub-P956891	ses-1	4	1	0	1134760379	17717994	1052.4800190925598	263.12000477313995	1506176	376544.0	paingen	2288	{"0.46":4}	anat,fmap,func
ds004746	sub-P960804	ses-1	4	1	0	1099639253	16561773	1052.4800190925598	263.12000477313995	1506176	376544.0	paingen	2288	{"0.46":4}	anat,fmap,func
ds004746	sub-P963736	ses-1	4	1	0	1085208411	15831957	1052.4800190925598	263.12000477313995	1506176	376544.0	paingen	2288	{"0.46":4}	anat,fmap,func
ds004746	sub-P966630	ses-1	4	1	0	1171893352	19294504	1052.4800190925598	263.12000477313995	1506176	376544.0	paingen	2288	{"0.46":4}	anat,fmap,func
ds004746	sub-P968705	ses-1	4	1	0	1103641614	15931358	1052.4800190925598	263.12000477313995	1506176	376544.0	paingen	2288	{"0.46":4}	anat,fmap,func
ds004746	sub-P969180	ses-1	4	1	0	1146586650	18664889	1052.4800190925598	263.12000477313995	1506176	376544.0	paingen	2288	{"0.46":4}	anat,fmap,func
ds004746	sub-P974100	ses-1	4	1	0	1094993166	15067844	1052.4800190925598	263.12000477313995	1506176	376544.0	paingen	2288	{"0.46":4}	anat,fmap,func
ds004746	sub-P974442	ses-1	4	1	0	1145128901	18764629	1052.4800190925598	263.12000477313995	1506176	376544.0	paingen	2288	{"0.46":4}	anat,fmap,func
ds004746	sub-P974461	ses-1	4	1	0	1072351221	15430392	1052.4800190925598	263.12000477313995	1506176	376544.0	paingen	2288	{"0.46":4}	anat,fmap,func
ds004746	sub-P974888	ses-1	4	1	0	1131942980	20147156	1052.4800190925598	263.12000477313995	1506176	376544.0	paingen	2288	{"0.46":4}	anat,fmap,func
ds004746	sub-P978395	ses-1	4	1	0	1162820973	19544314	1052.4800190925598	263.12000477313995	1506176	376544.0	paingen	2288	{"0.46":4}	anat,fmap,func
ds004746	sub-P980564	ses-1	4	1	0	1144562066	18541007	1052.4800190925598	263.12000477313995	1506176	376544.0	paingen	2288	{"0.46":4}	anat,fmap,func
ds004746	sub-P984418	ses-1	4	1	0	1035915985	15156135	1052.4800190925598	263.12000477313995	1506176	376544.0	paingen	2288	{"0.46":4}	anat,fmap,func
ds004746	sub-P984845	ses-1	4	1	0	1067135541	15723924	1052.4800190925598	263.12000477313995	1506176	376544.0	paingen	2288	{"0.46":4}	anat,fmap,func
ds004746	sub-P989301	ses-1	4	1	0	1060864820	15579766	1052.4800190925598	263.12000477313995	1506176	376544.0	paingen	2288	{"0.46":4}	anat,fmap,func
ds004746	sub-P994660	ses-1	4	1	0	1161022788	18200386	1052.4800190925598	263.12000477313995	1506176	376544.0	paingen	2288	{"0.46":4}	anat,fmap,func
ds004746	sub-P996207	ses-1	4	1	0	1137423493	17971650	1052.4800190925598	263.12000477313995	1506176	376544.0	paingen	2288	{"0.46":4}	anat,fmap,func
ds004746	sub-P999044	ses-1	4	1	0	1142116935	17896537	1052.4800190925598	263.12000477313995	1506176	376544.0	paingen	2288	{"0.46":4}	anat,fmap,func
